name,market,date,open,high,low,close,volume,MA5,MA15,ma_signal,trade_signal,position,note
信达生物,港股,2025-07-02,80.0,82.35,78.0,79.3,29389722.0,,,,HOLD,空仓,
信达生物,港股,2025-07-03,79.0,86.55,78.6,84.6,29257550.0,,,,HOLD,空仓,
信达生物,港股,2025-07-04,85.0,87.8,83.35,86.2,21770018.0,,,,HOLD,空仓,
信达生物,港股,2025-07-07,87.8,88.55,81.9,82.55,23823699.0,,,,HOLD,空仓,
信达生物,港股,2025-07-08,83.05,85.2,81.05,82.35,17584187.0,83.0,,,HOLD,空仓,
信达生物,港股,2025-07-09,81.75,83.9,80.25,82.25,17089853.0,83.59,,,HOLD,空仓,
信达生物,港股,2025-07-10,81.7,83.45,79.4,80.25,17467848.0,82.72,,,HOLD,空仓,
信达生物,港股,2025-07-11,80.8,83.45,80.0,80.55,17696166.0,81.59,,,HOLD,空仓,
信达生物,港股,2025-07-14,80.55,82.35,79.5,82.0,17319035.0,81.48,,,HOLD,空仓,
信达生物,港股,2025-07-15,82.5,86.4,81.55,85.9,20341034.0,82.19,,,HOLD,空仓,
信达生物,港股,2025-07-16,86.2,87.05,84.95,86.2,13874379.0,82.98,,,HOLD,空仓,
信达生物,港股,2025-07-17,86.95,90.25,86.55,89.1,25428845.0,84.75,,,HOLD,空仓,
信达生物,港股,2025-07-18,89.85,91.7,87.75,89.05,15552338.0,86.45,,,HOLD,空仓,
信达生物,港股,2025-07-21,90.0,91.15,87.25,88.65,10483351.0,87.78,,,HOLD,空仓,
信达生物,港股,2025-07-22,88.65,92.0,86.55,87.6,17778049.0,88.12,84.4367,,HOLD,空仓,
信达生物,港股,2025-07-23,88.7,91.3,86.8,88.0,20305570.0,88.48,85.0167,,HOLD,空仓,
信达生物,港股,2025-07-24,88.0,88.55,84.7,88.2,20662213.0,88.3,85.2567,,HOLD,空仓,
信达生物,港股,2025-07-25,88.2,91.7,87.9,89.15,19114615.0,88.32,85.4533,,HOLD,空仓,
信达生物,港股,2025-07-28,89.9,94.35,89.1,93.9,17709916.0,89.37,86.21,,HOLD,空仓,
信达生物,港股,2025-07-29,95.0,100.0,93.05,99.95,27139490.0,91.84,87.3833,,HOLD,空仓,
信达生物,港股,2025-07-30,100.3,106.0,95.85,98.45,53711910.0,93.93,88.4633,,HOLD,空仓,
信达生物,港股,2025-07-31,99.0,100.8,96.4,98.0,21002134.0,95.89,89.6467,,HOLD,空仓,
信达生物,港股,2025-08-01,97.0,99.6,91.8,93.0,24052833.0,96.66,90.4767,,HOLD,空仓,
信达生物,港股,2025-08-04,92.45,94.45,90.2,92.9,15855227.0,96.46,91.2033,,HOLD,空仓,
信达生物,港股,2025-08-05,94.9,99.1,94.15,98.75,17692363.0,96.22,92.06,,HOLD,空仓,
信达生物,港股,2025-08-06,98.85,99.4,96.1,98.05,13318611.0,96.14,92.85,,HOLD,空仓,
信达生物,港股,2025-08-07,96.85,98.8,90.55,91.4,32235490.0,94.82,93.0033,,HOLD,空仓,
信达生物,港股,2025-08-08,91.4,93.2,89.6,91.25,18274901.0,94.47,93.15,,HOLD,空仓,
信达生物,港股,2025-08-11,93.0,93.55,85.65,89.95,30762712.0,93.88,93.2367,,HOLD,空仓,
信达生物,港股,2025-08-12,90.55,90.55,85.5,87.3,25300254.0,91.59,93.2167,死叉,HOLD,空仓,
信达生物,港股,2025-08-13,89.05,96.0,88.55,95.0,26739588.0,90.98,93.6833,,HOLD,空仓,
信达生物,港股,2025-08-14,97.15,98.35,95.3,96.0,16527182.0,91.9,94.2033,,HOLD,空仓,
信达生物,港股,2025-08-15,95.8,99.5,95.5,97.5,13549158.0,93.15,94.76,,HOLD,空仓,
信达生物,港股,2025-08-18,99.0,103.5,98.5,101.9,20740825.0,95.54,95.2933,金叉,BUY,持仓,→ 次日(2025-08-19)开盘买入 @ 101.9
信达生物,港股,2025-08-19,101.9,102.9,96.0,97.75,24023054.0,97.63,95.1467,,HOLD,持仓,
信达生物,港股,2025-08-20,97.0,98.85,93.1,94.65,17538128.0,97.56,94.8933,,HOLD,持仓,
信达生物,港股,2025-08-21,96.25,99.65,95.2,99.3,10889562.0,98.22,94.98,,HOLD,持仓,
信达生物,港股,2025-08-22,101.5,102.4,97.7,99.45,11623171.0,98.61,95.41,,HOLD,持仓,
信达生物,港股,2025-08-25,101.3,102.8,96.8,99.95,14911542.0,98.22,95.88,,HOLD,持仓,
信达生物,港股,2025-08-26,99.95,100.3,93.65,95.75,43626515.0,97.82,95.68,,HOLD,持仓,
信达生物,港股,2025-08-27,99.1,99.1,90.05,91.0,30586612.0,97.09,95.21,,HOLD,持仓,
信达生物,港股,2025-08-28,94.9,94.9,88.35,90.65,22635180.0,95.36,95.16,,HOLD,持仓,
信达生物,港股,2025-08-29,91.9,98.45,89.7,96.85,26710648.0,94.84,95.5333,死叉,SELL,空仓,→ 次日(2025-09-01)开盘卖出 @ 98.65 (盈亏: -3.19%)
信达生物,港股,2025-09-01,98.65,106.5,95.15,105.4,27986303.0,95.93,96.5633,,HOLD,空仓,
信达生物,港股,2025-09-02,105.4,108.5,103.0,105.3,15122561.0,97.84,97.7633,金叉,BUY,持仓,→ 次日(2025-09-03)开盘买入 @ 107.0
信达生物,港股,2025-09-03,107.0,109.0,103.7,107.0,13063627.0,101.04,98.5633,,HOLD,持仓,
信达生物,港股,2025-09-04,109.1,109.1,99.0,100.1,20809884.0,102.93,98.8367,,HOLD,持仓,
信达生物,港股,2025-09-05,100.1,104.2,98.5,103.1,19459787.0,104.18,99.21,,HOLD,持仓,
信达生物,港股,2025-09-08,104.0,107.5,98.55,100.5,27413434.0,103.2,99.1167,,HOLD,持仓,
信达生物,港股,2025-09-09,99.45,103.2,97.1,100.9,14814575.0,102.32,99.3267,,HOLD,持仓,
信达生物,港股,2025-09-10,101.0,103.4,98.05,99.6,12256843.0,100.84,99.6567,,HOLD,持仓,
信达生物,港股,2025-09-11,91.0,98.35,85.7,97.1,51240460.0,100.24,99.51,,HOLD,持仓,
信达生物,港股,2025-09-12,99.5,100.5,96.3,97.85,13419082.0,99.19,99.4033,死叉,SELL,空仓,→ 次日(2025-09-15)开盘卖出 @ 98.5 (盈亏: -7.94%)
信达生物,港股,2025-09-15,98.5,101.9,94.8,95.6,20045883.0,98.21,99.1133,,HOLD,空仓,
信达生物,港股,2025-09-16,97.5,98.0,93.8,96.25,14137833.0,97.28,99.1467,,HOLD,空仓,
信达生物,港股,2025-09-17,96.0,96.85,92.85,96.5,20913052.0,96.66,99.5133,,HOLD,空仓,
信达生物,港股,2025-09-18,97.0,98.55,94.0,97.35,16918205.0,96.71,99.96,,HOLD,空仓,
信达生物,港股,2025-09-19,97.5,98.3,90.0,92.05,34618371.0,95.55,99.64,,HOLD,空仓,
信达生物,港股,2025-09-22,93.2,95.5,91.55,94.7,13572187.0,95.37,98.9267,,HOLD,空仓,
信达生物,港股,2025-09-23,95.35,96.15,91.1,93.45,12486370.0,94.81,98.1367,,HOLD,空仓,
信达生物,港股,2025-09-24,93.1,95.7,91.9,95.05,13606787.0,94.52,97.34,,HOLD,空仓,
信达生物,港股,2025-09-25,96.0,96.75,94.0,95.05,10693475.0,94.06,97.0033,,HOLD,空仓,
信达生物,港股,2025-09-26,92.35,94.15,90.6,93.25,13980978.0,94.3,96.3467,,HOLD,空仓,
信达生物,港股,2025-09-29,94.0,95.5,91.35,93.6,12535427.0,94.08,95.8867,,HOLD,空仓,
信达生物,港股,2025-09-30,95.3,96.55,91.25,96.4,18545906.0,94.67,95.5867,,HOLD,空仓,
信达生物,港股,2025-10-02,96.8,101.5,96.15,100.7,6797155.0,95.8,95.66,金叉,BUY,持仓,→ 次日(2025-10-03)开盘买入 @ 101.8
信达生物,港股,2025-10-03,101.8,101.8,97.35,97.95,3578711.0,96.38,95.7167,,HOLD,持仓,
信达生物,港股,2025-10-06,98.6,100.5,96.8,100.5,3031024.0,97.83,95.8933,,HOLD,持仓,
信达生物,港股,2025-10-08,101.0,105.0,100.4,104.7,6194648.0,100.05,96.5,,HOLD,持仓,
信达生物,港股,2025-10-09,103.0,103.0,94.25,95.1,25616568.0,99.79,96.4233,,HOLD,持仓,
信达生物,港股,2025-10-10,95.1,97.55,93.4,93.95,13129629.0,98.44,96.2533,,HOLD,持仓,
信达生物,港股,2025-10-13,90.0,92.0,86.7,90.0,27147340.0,96.85,95.7633,,HOLD,持仓,
信达生物,港股,2025-10-14,91.5,92.05,82.75,83.8,31965432.0,93.51,95.2133,死叉,SELL,空仓,→ 次日(2025-10-15)开盘卖出 @ 85.05 (盈亏: -16.45%)
信达生物,港股,2025-10-15,85.05,85.9,80.85,85.6,17013032.0,89.69,94.6067,,HOLD,空仓,
信达生物,港股,2025-10-16,85.6,89.65,85.05,88.75,14176372.0,88.42,94.2933,,HOLD,空仓,
信达生物,港股,2025-10-17,90.85,90.85,86.0,86.85,13476448.0,87.0,93.7467,,HOLD,空仓,
信达生物,港股,2025-10-20,89.95,89.95,85.0,86.1,14492413.0,86.22,93.15,,HOLD,空仓,
信达生物,港股,2025-10-21,86.65,88.3,84.15,86.9,19316176.0,86.84,92.7267,,HOLD,空仓,
信达生物,港股,2025-10-22,95.5,95.5,83.85,85.2,71646053.0,86.76,92.1667,,HOLD,空仓,
信达生物,港股,2025-10-23,86.05,87.2,82.8,85.1,24155180.0,86.03,91.4133,,HOLD,空仓,
信达生物,港股,2025-10-24,86.05,88.1,84.85,85.55,15428703.0,85.77,90.4033,,HOLD,空仓,
信达生物,港股,2025-10-27,87.9,88.2,84.4,86.1,14919443.0,85.77,89.6133,,HOLD,空仓,
信达生物,港股,2025-10-28,86.0,86.35,83.7,84.6,13926367.0,85.31,88.5533,,HOLD,空仓,
信达生物,港股,2025-10-30,84.25,84.25,79.05,80.7,33551275.0,84.41,86.9533,,HOLD,空仓,
信达生物,港股,2025-10-31,81.55,87.8,80.2,87.0,24727884.0,84.79,86.4133,,HOLD,空仓,
信达生物,港股,2025-11-03,87.75,91.5,86.25,90.2,21863756.0,85.72,86.1633,,HOLD,空仓,
信达生物,港股,2025-11-04,90.6,91.35,86.5,86.85,12521229.0,85.87,85.9533,,HOLD,空仓,
信达生物,港股,2025-11-05,85.45,89.1,84.65,88.05,11850963.0,86.56,86.2367,金叉,BUY,持仓,→ 次日(2025-11-06)开盘买入 @ 87.2
信达生物,港股,2025-11-06,87.2,88.7,85.65,88.3,7751779.0,88.08,86.4167,,HOLD,持仓,
信达生物,港股,2025-11-07,88.5,89.5,84.2,85.2,10137618.0,87.72,86.18,,HOLD,持仓,
信达生物,港股,2025-11-10,85.1,85.7,82.0,84.5,13675288.0,86.58,86.0233,,HOLD,持仓,
信达生物,港股,2025-11-11,85.5,85.55,83.6,85.25,5987073.0,86.26,85.9667,,HOLD,持仓,
信达生物,港股,2025-11-12,86.0,89.0,84.75,87.15,8616404.0,86.08,85.9833,,HOLD,持仓,
信达生物,港股,2025-11-13,88.0,93.2,87.9,91.95,23311922.0,86.81,86.4333,,HOLD,持仓,
信达生物,港股,2025-11-14,91.1,94.3,90.65,92.25,9771054.0,88.22,86.91,,HOLD,持仓,
信达生物,港股,2025-11-17,92.3,92.45,88.1,90.8,7974109.0,89.48,87.26,,HOLD,持仓,
信达生物,港股,2025-11-18,90.8,93.45,89.35,90.4,6462932.0,90.51,87.5467,,HOLD,持仓,
信达生物,港股,2025-11-19,90.15,90.8,88.0,89.65,4884752.0,91.01,87.8833,,HOLD,持仓,
信达生物,港股,2025-11-20,90.5,92.2,89.65,92.2,9059262.0,91.06,88.65,,HOLD,持仓,
信达生物,港股,2025-11-21,91.5,91.5,86.0,87.25,11615810.0,90.06,88.6667,,HOLD,持仓,
信达生物,港股,2025-11-24,88.95,92.0,88.55,92.0,17192272.0,90.3,88.7867,,HOLD,持仓,
信达生物,港股,2025-11-25,93.0,95.8,92.0,93.8,13230456.0,90.98,89.25,,HOLD,持仓,
信达生物,港股,2025-11-26,96.8,98.3,94.4,94.9,11531925.0,92.03,89.7067,,HOLD,持仓,
信达生物,港股,2025-11-27,96.2,99.0,95.1,96.2,10784385.0,92.83,90.2333,,HOLD,持仓,
信达生物,港股,2025-11-28,96.2,96.65,93.1,94.1,11052465.0,94.2,90.8267,,HOLD,持仓,
信达生物,港股,2025-12-01,94.5,94.8,93.2,94.8,6740710.0,94.76,91.5133,,HOLD,持仓,
信达生物,港股,2025-12-02,94.55,94.95,92.85,93.85,6694319.0,94.77,92.0867,,HOLD,持仓,
信达生物,港股,2025-12-03,93.85,94.8,91.25,91.8,8259347.0,94.15,92.3967,,HOLD,持仓,
信达生物,港股,2025-12-04,94.0,94.4,92.4,93.55,7142030.0,93.62,92.5033,,HOLD,持仓,
信达生物,港股,2025-12-05,93.7,94.85,90.25,92.0,33885838.0,93.2,92.4867,,HOLD,持仓,
信达生物,港股,2025-12-08,93.0,93.15,84.1,85.6,52658037.0,91.36,92.14,死叉,SELL,空仓,→ 次日(2025-12-09)开盘卖出 @ 85.6 (盈亏: -1.83%)
信达生物,港股,2025-12-09,85.6,85.7,82.8,84.4,20002924.0,89.47,91.74,,HOLD,空仓,
信达生物,港股,2025-12-10,84.4,85.4,82.65,83.5,10285264.0,87.81,91.33,,HOLD,空仓,
信达生物,港股,2025-12-11,84.2,84.85,83.0,83.65,8646635.0,85.83,90.76,,HOLD,空仓,
信达生物,港股,2025-12-12,84.5,85.95,83.0,85.2,10184978.0,84.47,90.6233,,HOLD,空仓,
信达生物,港股,2025-12-15,84.6,85.15,80.95,81.75,15465505.0,83.7,89.94,,HOLD,空仓,
信达生物,港股,2025-12-16,81.3,81.85,78.45,80.95,11805859.0,83.01,89.0833,,HOLD,空仓,
信达生物,港股,2025-12-17,81.0,81.3,79.6,80.75,7785810.0,82.46,88.14,,HOLD,空仓,
信达生物,港股,2025-12-18,80.15,81.6,79.65,81.55,10160976.0,82.04,87.1633,,HOLD,空仓,
信达生物,港股,2025-12-19,81.9,84.4,80.8,83.25,13042014.0,81.65,86.44,,HOLD,空仓,
信达生物,港股,2025-12-22,83.25,83.85,81.05,81.8,9167416.0,81.66,85.5733,,HOLD,空仓,
信达生物,港股,2025-12-23,81.8,83.25,80.35,80.7,8972819.0,81.61,84.6967,,HOLD,空仓,
信达生物,港股,2025-12-24,80.7,81.1,79.8,80.75,3928757.0,81.61,83.96,,HOLD,空仓,
信达生物,港股,2025-12-29,80.75,81.25,79.0,79.35,10784440.0,81.17,83.0133,,HOLD,空仓,
信达生物,港股,2025-12-30,79.35,79.5,77.4,79.15,11778029.0,80.35,82.1567,,HOLD,空仓,
信达生物,港股,2025-12-31,79.15,79.25,76.0,76.25,13130813.0,79.24,81.5333,,HOLD,空仓,
信达生物,港股,2026-01-02,77.4,79.0,76.75,78.8,3960839.0,78.86,81.16,,HOLD,空仓,
信达生物,港股,2026-01-05,76.8,84.3,76.8,83.6,18244634.0,79.43,81.1667,,HOLD,空仓,
信达生物,港股,2026-01-06,83.8,84.9,82.9,84.5,12921050.0,80.46,81.2233,,HOLD,空仓,
信达生物,港股,2026-01-07,85.1,89.5,84.3,89.05,19915882.0,82.44,81.48,金叉,BUY,持仓,→ 次日(2026-01-08)开盘买入 @ 89.8
信达生物,港股,2026-01-08,89.8,90.8,88.4,89.0,14333754.0,84.99,81.9633,,HOLD,持仓,
信达生物,港股,2026-01-09,87.9,89.7,87.25,89.3,10355540.0,87.09,82.52,,HOLD,持仓,
信达生物,港股,2026-01-12,89.2,90.45,88.0,89.45,13377301.0,88.26,83.1,,HOLD,持仓,
信达生物,港股,2026-01-13,90.6,92.75,88.2,89.35,15968502.0,89.23,83.62,,HOLD,持仓,
信达生物,港股,2026-01-14,90.0,91.85,88.4,89.45,9961587.0,89.31,84.0333,,HOLD,持仓,
信达生物,港股,2026-01-15,90.85,91.45,88.4,89.0,11496890.0,89.31,84.5133,,HOLD,持仓,
信达生物,港股,2026-01-16,89.05,90.45,88.35,89.5,6745760.0,89.35,85.1,,HOLD,持仓,
信达生物,港股,2026-01-19,88.2,89.35,83.6,85.35,14220211.0,88.53,85.4067,,HOLD,持仓,
信达生物,港股,2026-01-20,85.1,86.05,82.75,83.2,9115621.0,87.3,85.6633,,HOLD,持仓,
信达生物,港股,2026-01-21,83.5,83.75,81.55,82.7,9690567.0,85.95,85.9,,HOLD,持仓,
信达生物,港股,2026-01-22,83.8,83.8,80.45,81.4,11677219.0,84.43,86.2433,死叉,SELL,空仓,→ 次日(2026-01-23)开盘卖出 @ 82.0 (盈亏: -8.69%)
信达生物,港股,2026-01-23,82.0,84.2,81.2,83.7,12098345.0,83.27,86.57,,HOLD,空仓,
信达生物,港股,2026-01-26,83.5,84.15,80.75,81.65,7616737.0,82.53,86.44,,HOLD,空仓,
信达生物,港股,2026-01-27,81.9,82.4,80.3,81.85,6794942.0,82.26,86.2633,,HOLD,空仓,
信达生物,港股,2026-01-28,83.0,84.55,81.9,84.55,11596536.0,82.63,85.9633,,HOLD,空仓,
信达生物,港股,2026-01-29,83.4,83.85,82.1,82.5,8373093.0,82.85,85.53,,HOLD,空仓,
信达生物,港股,2026-01-30,82.5,84.5,80.75,81.1,8276823.0,82.33,84.9833,,HOLD,空仓,
信达生物,港股,2026-02-02,81.0,81.6,77.8,78.7,8446227.0,81.74,84.2667,,HOLD,空仓,
信达生物,港股,2026-02-03,78.7,79.4,77.15,78.8,6865767.0,81.13,83.5633,,HOLD,空仓,
信达生物,港股,2026-02-04,79.2,81.85,77.3,80.65,9258513.0,80.35,82.9767,,HOLD,空仓,
信达生物,港股,2026-02-05,79.3,81.55,76.75,79.9,15014522.0,79.83,82.37,,HOLD,空仓,
信达生物,港股,2026-02-06,77.1,80.95,77.1,79.5,8294071.0,79.51,81.7033,,HOLD,空仓,
信达生物,港股,2026-02-09,83.2,86.3,82.35,85.4,15917783.0,80.85,81.7067,,HOLD,空仓,
信达生物,港股,2026-02-10,85.8,91.55,84.95,89.65,21246703.0,83.02,82.1367,金叉,BUY,持仓,→ 次日(2026-02-11)开盘买入 @ 90.9
信达生物,港股,2026-02-11,90.9,91.8,89.45,89.65,8891047.0,84.82,82.6,,HOLD,持仓,
信达生物,港股,2026-02-12,89.5,90.85,87.75,89.05,10169832.0,86.65,83.11,,HOLD,持仓,
信达生物,港股,2026-02-13,89.1,91.05,88.45,88.6,10376780.0,88.47,83.4367,,HOLD,持仓,
信达生物,港股,2026-02-16,88.95,89.9,87.7,89.1,3529691.0,89.21,83.9333,,HOLD,持仓,
信达生物,港股,2026-02-20,89.9,91.5,89.9,90.75,5739867.0,89.43,84.5267,,HOLD,持仓,
信达生物,港股,2026-02-23,92.4,93.8,91.75,92.0,5169087.0,89.9,85.0233,,HOLD,持仓,
信达生物,港股,2026-02-24,93.2,93.2,86.0,88.55,16053845.0,89.8,85.4267,,HOLD,持仓,
信达生物,港股,2026-02-25,88.55,89.85,87.5,88.4,8621779.0,89.76,85.9133,,HOLD,持仓,
信达生物,港股,2026-02-26,89.05,89.8,84.1,84.35,10911829.0,88.81,86.29,,HOLD,持仓,
信达生物,港股,2026-02-27,84.35,87.5,83.75,85.1,12423613.0,87.68,86.71,,HOLD,持仓,
信达生物,港股,2026-03-02,85.1,85.1,81.5,82.6,10275411.0,85.8,86.84,死叉,SELL,空仓,→ 次日(2026-03-03)开盘卖出 @ 82.5 (盈亏: -9.24%)
信达生物,港股,2026-03-03,82.5,83.5,79.05,80.05,10046471.0,84.1,86.85,,HOLD,空仓,
信达生物,港股,2026-03-04,80.0,80.15,76.35,77.6,17529259.0,81.94,86.7233,,HOLD,空仓,
信达生物,港股,2026-03-05,79.6,81.4,78.0,78.45,12975419.0,80.76,86.26,,HOLD,空仓,
信达生物,港股,2026-03-06,78.45,83.5,78.25,83.3,12532858.0,80.4,85.8367,,HOLD,空仓,
信达生物,港股,2026-03-09,82.9,82.9,78.1,81.75,18242813.0,80.23,85.31,,HOLD,空仓,
信达生物,港股,2026-03-10,84.0,86.35,83.65,85.8,12716976.0,81.38,85.0933,,HOLD,空仓,
信达生物,港股,2026-03-11,86.8,87.5,83.5,84.3,8687528.0,82.72,84.8067,,HOLD,空仓,
信达生物,港股,2026-03-12,84.3,85.7,80.45,81.75,9632503.0,83.38,84.3167,,HOLD,空仓,
信达生物,港股,2026-03-13,81.5,82.2,80.0,80.85,9096094.0,82.89,83.6567,,HOLD,空仓,
信达生物,港股,2026-03-16,80.85,84.45,79.6,84.1,11140996.0,83.36,83.13,金叉,BUY,持仓,→ 次日(2026-03-17)开盘买入 @ 85.0
信达生物,港股,2026-03-17,85.0,86.15,83.65,84.0,10343474.0,83.0,82.8267,,HOLD,持仓,
信达生物,港股,2026-03-18,83.55,85.5,83.2,84.85,6530983.0,83.11,82.59,,HOLD,持仓,
信达生物,港股,2026-03-19,82.75,83.85,81.6,81.85,11216615.0,83.13,82.4233,,HOLD,持仓,
信达生物,港股,2026-03-20,82.1,84.6,80.4,81.05,8240762.0,83.17,82.1533,,HOLD,持仓,
信达生物,港股,2026-03-23,78.6,79.65,75.9,77.5,14655632.0,81.85,81.8133,,HOLD,持仓,
信达生物,港股,2026-03-24,78.8,82.25,78.1,81.55,10182437.0,81.36,81.9133,死叉,SELL,空仓,→ 次日(2026-03-25)开盘卖出 @ 83.6 (盈亏: -1.65%)
信达生物,港股,2026-03-25,83.6,84.35,81.85,82.55,8489500.0,80.9,82.2433,,HOLD,空仓,
信达生物,港股,2026-03-26,82.55,83.5,79.2,79.4,8014183.0,80.41,82.3067,,HOLD,空仓,
信达生物,港股,2026-03-27,80.1,86.05,79.85,85.5,26224718.0,81.3,82.4533,,HOLD,空仓,
信达生物,港股,2026-03-30,85.0,86.95,83.5,86.1,17491127.0,83.02,82.7433,金叉,BUY,持仓,→ 次日(2026-03-31)开盘买入 @ 86.7
信达生物,港股,2026-03-31,86.7,88.4,83.6,84.9,14518834.0,83.69,82.6833,,HOLD,持仓,
信达生物,港股,2026-04-01,86.9,91.6,86.45,90.9,23805781.0,85.36,83.1233,,HOLD,持仓,
信达生物,港股,2026-04-02,90.95,92.25,88.7,91.5,14715408.0,87.78,83.7733,,HOLD,持仓,
信达生物,港股,2026-04-08,92.4,93.1,89.05,89.3,15285299.0,88.54,84.3367,,HOLD,持仓,
信达生物,港股,2026-04-09,89.3,91.95,87.6,87.75,13565635.0,88.87,84.58,,HOLD,持仓,
信达生物,港股,2026-04-10,88.2,89.15,87.35,88.5,8000827.0,89.59,84.88,,HOLD,持仓,
信达生物,港股,2026-04-13,88.0,88.4,86.55,86.9,8278760.0,88.79,85.0167,,HOLD,持仓,
信达生物,港股,2026-04-14,87.95,88.2,84.85,86.3,11019005.0,87.75,85.3133,,HOLD,持仓,
信达生物,港股,2026-04-15,88.0,91.95,88.0,91.4,21224244.0,88.17,86.0033,,HOLD,持仓,
信达生物,港股,2026-04-16,91.4,92.65,89.45,92.4,10779295.0,89.1,86.9967,,HOLD,持仓,
信达生物,港股,2026-04-17,91.9,93.15,89.65,91.5,10353099.0,89.7,87.66,,HOLD,持仓,
信达生物,港股,2026-04-20,91.5,92.45,90.6,91.1,7391370.0,90.54,88.23,,HOLD,持仓,
信达生物,港股,2026-04-21,91.1,91.45,88.6,89.85,8659074.0,91.25,88.9267,,HOLD,持仓,
信达生物,港股,2026-04-22,89.15,90.05,87.15,88.2,9703138.0,90.61,89.1067,,HOLD,持仓,
信达生物,港股,2026-04-23,87.5,87.95,82.65,83.0,19332909.0,88.73,88.9,死叉,SELL,空仓,→ 次日(2026-04-24)开盘卖出 @ 83.0 (盈亏: -4.27%)
信达生物,港股,2026-04-24,83.0,86.65,81.1,85.8,12657062.0,87.59,88.96,,HOLD,空仓,
信达生物,港股,2026-04-27,85.8,85.8,83.35,83.55,6098244.0,86.08,88.47,,HOLD,空仓,
信达生物,港股,2026-04-28,82.8,85.4,82.2,82.6,8627842.0,84.63,87.8767,,HOLD,空仓,
信达生物,港股,2026-04-29,83.7,85.85,82.9,84.9,11502335.0,83.97,87.5833,,HOLD,空仓,
信达生物,港股,2026-04-30,84.9,91.0,84.5,90.0,18447576.0,85.37,87.7333,,HOLD,空仓,
信达生物,港股,2026-05-04,91.45,93.25,90.05,92.45,11888729.0,86.7,87.9967,,HOLD,空仓,
信达生物,港股,2026-05-05,92.0,92.7,90.55,92.0,3486669.0,88.39,88.3367,金叉,BUY,持仓,→ 次日(2026-05-06)开盘买入 @ 92.0
信达生物,港股,2026-05-06,92.0,92.1,88.65,90.6,12689122.0,89.99,88.6233,,HOLD,持仓,
信达生物,港股,2026-05-07,91.5,93.8,89.95,91.1,14809689.0,91.23,88.6033,,HOLD,持仓,
信达生物,港股,2026-05-08,90.1,91.05,88.85,90.0,8560263.0,91.23,88.4433,,HOLD,持仓,
信达生物,港股,2026-05-11,89.5,90.15,86.7,88.25,14980539.0,90.39,88.2267,,HOLD,持仓,
信达生物,港股,2026-05-12,89.9,89.95,87.9,88.7,7815088.0,89.73,88.0667,,HOLD,持仓,
信达生物,港股,2026-05-13,88.7,89.25,86.3,87.05,6888202.0,89.02,87.88,,HOLD,持仓,
信达生物,港股,2026-05-14,87.85,90.75,85.5,86.7,11435789.0,88.14,87.78,,HOLD,持仓,
信达生物,港股,2026-05-15,85.4,86.2,79.55,82.0,23031965.0,86.54,87.7133,死叉,SELL,空仓,→ 次日(2026-05-18)开盘卖出 @ 82.0 (盈亏: -10.87%)
信达生物,港股,2026-05-18,82.0,82.15,79.1,80.3,14510792.0,84.95,87.3467,,HOLD,空仓,
信达生物,港股,2026-05-19,81.15,82.75,79.6,80.0,14553562.0,83.21,87.11,,HOLD,空仓,
信达生物,港股,2026-05-20,80.05,81.5,78.15,79.4,12014786.0,81.68,86.8967,,HOLD,空仓,
信达生物,港股,2026-05-21,79.65,82.9,79.6,82.55,13659749.0,80.85,86.74,,HOLD,空仓,
信达生物,港股,2026-05-22,84.35,86.15,80.75,80.95,10635980.0,80.64,86.1367,,HOLD,空仓,
信达生物,港股,2026-05-26,80.3,82.2,79.15,79.85,10663721.0,80.55,85.2967,,HOLD,空仓,
信达生物,港股,2026-05-27,80.0,80.05,77.85,78.95,12563163.0,80.34,84.4267,,HOLD,空仓,
信达生物,港股,2026-05-28,78.95,79.7,74.6,74.85,21861582.0,79.43,83.3767,,HOLD,空仓,
信达生物,港股,2026-05-29,80.0,84.6,79.05,83.35,32759762.0,79.59,82.86,,HOLD,空仓,
信达生物,港股,2026-06-01,83.8,84.75,80.1,80.9,18852664.0,79.58,82.2533,,HOLD,空仓,
信达生物,港股,2026-06-02,80.2,80.6,76.8,78.85,15402190.0,79.38,81.6267,,HOLD,空仓,
信达生物,港股,2026-06-03,77.9,78.75,76.25,76.85,13908178.0,78.96,80.8367,,HOLD,空仓,
信达生物,港股,2026-06-04,76.75,77.6,75.35,76.4,9390673.0,79.27,80.1267,,HOLD,空仓,
信达生物,港股,2026-06-05,77.35,79.8,76.1,76.6,15099472.0,77.92,79.4533,,HOLD,空仓,
信达生物,港股,2026-06-08,74.8,75.15,71.95,73.25,14606270.0,76.39,78.87,,HOLD,空仓,
信达生物,港股,2026-06-09,73.25,74.1,69.55,73.15,17268133.0,75.25,78.3933,,HOLD,空仓,
信达生物,港股,2026-06-10,72.0,75.25,71.2,74.35,13899547.0,74.75,78.0167,,HOLD,空仓,
信达生物,港股,2026-06-11,74.35,75.2,71.55,72.95,10572210.0,74.06,77.5867,,HOLD,空仓,
信达生物,港股,2026-06-12,73.5,77.1,72.5,76.45,20243632.0,74.03,77.18,,HOLD,空仓,
信达生物,港股,2026-06-15,78.0,79.25,76.65,77.4,11959247.0,74.86,76.9433,,HOLD,空仓,
信达生物,港股,2026-06-16,78.3,78.3,75.6,76.4,6706506.0,75.51,76.7133,,HOLD,空仓,
信达生物,港股,2026-06-17,76.0,77.75,74.65,74.85,7660565.0,75.61,76.44,,HOLD,空仓,
信达生物,港股,2026-06-18,74.0,78.05,73.8,76.15,8826037.0,76.25,76.5267,,HOLD,空仓,
信达生物,港股,2026-06-22,75.0,75.95,72.3,75.35,9138790.0,76.03,75.9933,金叉,BUY,持仓,→ 次日(2026-06-23)开盘买入 @ 74.65
信达生物,港股,2026-06-23,74.65,79.3,74.65,76.5,11391105.0,75.85,75.7,,HOLD,持仓,
信达生物,港股,2026-06-24,77.85,80.45,77.1,77.95,16678775.0,76.16,75.64,,HOLD,持仓,
信达生物,港股,2026-06-25,78.15,78.65,74.75,76.1,13500827.0,76.41,75.59,,HOLD,持仓,
信达生物,港股,2026-06-26,76.15,77.45,73.9,75.15,11027009.0,76.21,75.5067,,HOLD,持仓,
信达生物,港股,2026-06-29,75.55,82.4,75.2,80.05,21913930.0,77.15,75.7367,,HOLD,持仓,
信达生物,港股,2026-06-30,81.0,81.95,78.25,79.6,16299448.0,77.77,76.16,,HOLD,持仓,
信达生物,港股,2026-07-02,83.3,86.3,81.7,85.35,28453189.0,79.25,76.9733,,HOLD,持仓,
信达生物,港股,2026-07-03,87.05,89.15,86.0,87.8,22955777.0,81.59,77.87,,HOLD,持仓,
信达生物,港股,2026-07-06,87.95,94.9,87.8,90.5,31124352.0,84.66,79.04,,HOLD,持仓,
信达生物,港股,2026-07-07,90.5,91.6,86.25,87.2,17254640.0,86.09,79.7567,,HOLD,持仓,
信达生物,港股,2026-07-08,87.2,89.95,85.85,86.2,14209591.0,87.41,80.3433,,HOLD,持仓,
信达生物,港股,2026-07-09,85.3,88.7,84.15,86.35,13244177.0,87.61,81.0067,,HOLD,持仓,
信达生物,港股,2026-07-10,86.3,91.25,85.25,89.7,16386808.0,87.99,81.9967,,HOLD,持仓,
